{
  "Pantheon+": {
    "janus": {
      "67.0": {
        "q0": -0.006781000821629818,
        "offset": -0.13838841374600494,
        "chi2": 1777.6785038027883
      },
      "70.0": {
        "q0": -0.006781078016810346,
        "offset": -0.04327228106296072,
        "chi2": 1777.6785038029484
      },
      "73.0": {
        "q0": -0.006781015717595133,
        "offset": 0.04785187153459637,
        "chi2": 1777.678503802796
      }
    },
    "lcdm": {
      "67.0": {
        "Omega_m": 0.3612043310598073,
        "offset": -0.18147052661232835,
        "chi2": 1752.5091961305538
      },
      "70.0": {
        "Omega_m": 0.36120466670617674,
        "offset": -0.08635425465718645,
        "chi2": 1752.509196130749
      },
      "73.0": {
        "Omega_m": 0.3612043181466929,
        "offset": 0.004769738624845041,
        "chi2": 1752.5091961305561
      }
    }
  },
  "DES-SN5YR": {
    "janus": {
      "67.0": {
        "q0": -0.028077058871123703,
        "offset": -0.024486459793403238,
        "chi2": 1662.8016392838747
      },
      "70.0": {
        "q0": -0.028077128008587582,
        "offset": 0.07062967366979102,
        "chi2": 1662.8016392839183
      },
      "73.0": {
        "q0": -0.02807722769395297,
        "offset": 0.16175358942773022,
        "chi2": 1662.801639285012
      }
    },
    "lcdm": {
      "67.0": {
        "Omega_m": 0.32873325379975865,
        "offset": -0.08756510196160264,
        "chi2": 1631.7671987157755
      },
      "70.0": {
        "Omega_m": 0.32873323784106984,
        "offset": 0.00755107669738332,
        "chi2": 1631.7671987157814
      },
      "73.0": {
        "Omega_m": 0.3287330955839578,
        "offset": 0.09867493692029938,
        "chi2": 1631.7671987171334
      }
    }
  },
  "Combined": {
    "janus": {
      "67.0": {
        "q0": -0.09597713209750373,
        "offset": -0.11900410440785496,
        "chi2": 3469.5259490016074
      },
      "70.0": {
        "q0": -0.0959771543829108,
        "offset": -0.023887928563160136,
        "chi2": 3469.5259490016365
      },
      "73.0": {
        "q0": -0.09597724266212494,
        "offset": 0.06723603732138259,
        "chi2": 3469.5259490032277
      }
    },
    "lcdm": {
      "67.0": {
        "Omega_m": 0.25555808702284066,
        "offset": -0.18270501748319912,
        "chi2": 3274.5531683818235
      },
      "70.0": {
        "Omega_m": 0.25555806922975816,
        "offset": -0.087588843299988,
        "chi2": 3274.553168381841
      },
      "73.0": {
        "Omega_m": 0.25555805880385335,
        "offset": 0.0035352522458617346,
        "chi2": 3274.553168381857
      }
    }
  }
}