{
  "Pantheon+": {
    "janus": {
      "q0": -0.012554743939857565,
      "q0_err": 0.010349084882821123,
      "offset": -0.04552444355396723,
      "chi2": 1777.6786594656232,
      "chi2_dof": 1.0463088048649931
    },
    "lcdm": {
      "Omega_m": 0.3623320728871756,
      "Omega_m_err": 0.019190152767107005,
      "offset": -0.0859432715773176,
      "chi2": 1752.5093070953826,
      "chi2_dof": 1.0314945892262406
    },
    "comparison": {
      "delta_chi2": 25.16935237024063,
      "delta_aic": 25.16935237024063,
      "delta_bic": 25.16935237024063,
      "n_sne": 1701
    }
  },
  "DES-SN5YR": {
    "janus": {
      "q0": -0.027840268332797357,
      "q0_err": 0.012955043772181683,
      "offset": 0.0706931632924274,
      "chi2": 1662.8017328283972,
      "chi2_dof": 0.9146324162972482
    },
    "lcdm": {
      "Omega_m": 0.33004305203203815,
      "Omega_m_err": 0.015287381103595898,
      "offset": 0.008362290928676255,
      "chi2": 1631.767243465225,
      "chi2_dof": 0.8975617400798818
    },
    "comparison": {
      "delta_chi2": 31.03448936317227,
      "delta_aic": 31.03448936317227,
      "delta_bic": 31.03448936317227,
      "n_sne": 1820
    }
  },
  "Combined": {
    "janus": {
      "q0": -0.09581129484698961,
      "q0_err": 0.006436558939772921,
      "offset": -0.023702362070996963,
      "chi2": 3469.5261265216523,
      "chi2_dof": 1.0910459517363686
    },
    "lcdm": {
      "Omega_m": 0.255565975917627,
      "Omega_m_err": 0.007535620422415637,
      "offset": -0.08747568829627567,
      "chi2": 3274.55319248207,
      "chi2_dof": 1.029733708327695
    },
    "comparison": {
      "delta_chi2": 194.97293403958247,
      "delta_aic": 194.97293403958247,
      "delta_bic": 194.97293403958247,
      "n_sne": 3182
    }
  }
}